<?xml version="1.0" encoding="UTF-8"?>
<LightningComponentBundle xmlns="http://soap.sforce.com/2006/04/metadata">
    <apiVersion>48.0</apiVersion>
    <isExposed>true</isExposed>
    <targets>
        <target>lightning__AppPage</target>
        <target>lightning__RecordPage</target>
    </targets>
    <targetConfigs>
        <targetConfig targets="lightning__RecordPage">
        <property label="Enter the property you want to compare by" name="similarBy" type="String" datasource="Type,Price,Length"  />
            <objects>
                <object>Boat__c</object>
            </objects>
        </targetConfig>
    </targetConfigs>
</LightningComponentBundle>